twoE,goldbach_count,normalized_R,is_power_of_two
1024,22,1.032223,True
2048,25,0.709653,True
4096,53,0.895219,True
8192,76,0.753288,True
10000,127,1.077346,False
10066,119,1.004296,False
10132,101,0.848034,False
10198,105,0.877148,False
10266,216,1.795048,False
10334,97,0.801950,False
10402,125,1.028143,False
10470,274,2.242208,False
10540,153,1.245512,False
10610,137,1.109488,False
10680,271,2.183391,False
10750,141,1.130201,False
10822,126,1.004691,False
10892,131,1.039287,False
10964,112,0.883968,False
11036,109,0.855881,False
11110,159,1.241952,False
11184,209,1.624014,False
11258,118,0.912169,False
11332,110,0.845962,False
11406,222,1.698594,False
11482,112,0.852487,False
11558,110,0.832933,False
11634,264,1.988763,False
11710,147,1.101723,False
11788,129,0.961783,False
11866,116,0.860383,False
11944,116,0.855959,False
12024,227,1.666246,False
12102,215,1.570150,False
12182,112,0.813706,False
12264,281,2.030774,False
12344,115,0.826854,False
12426,247,1.766701,False
12508,128,0.910805,False
12590,149,1.054788,False
12674,116,0.816884,False
12758,121,0.847669,False
12842,116,0.808447,False
12926,129,0.894437,False
13012,124,0.855284,False
13098,251,1.722285,False
13184,121,0.825988,False
13272,296,2.010018,False
13358,120,0.810728,False
13448,130,0.873645,False
13536,258,1.724941,False
13626,248,1.649427,False
13716,253,1.673953,False
13806,283,1.862794,False
13898,125,0.818482,False
13990,173,1.126886,False
14082,253,1.639473,False
14174,132,0.850984,False
14268,267,1.712334,False
14362,138,0.880441,False
14458,135,0.856774,False
14552,139,0.877648,False
14648,120,0.753749,False
14746,142,0.887241,False
14844,279,1.734122,False
14942,137,0.847097,False
15040,181,1.113378,False
15140,174,1.064715,False
15240,362,2.203574,False
15340,210,1.271708,False
15442,157,0.945773,False
15544,147,0.880923,False
15646,144,0.858481,False
15750,421,2.496715,False
15854,138,0.814140,False
15958,142,0.833404,False
16064,152,0.887421,False
16170,517,3.002686,False
16276,158,0.912902,False
16384,151,0.867889,True
16492,197,1.126387,False
16600,198,1.126252,False
16710,401,2.269011,False
16820,189,1.063875,False
16932,316,1.769398,False
17044,152,0.846656,False
17156,148,0.820095,False
17270,216,1.190610,False
17384,159,0.871849,False
17498,154,0.840054,False
17614,166,0.900767,False
17730,411,2.218597,False
17848,166,0.891359,False
17966,176,0.940112,False
18084,351,1.865140,False
18204,339,1.791915,False
18324,315,1.656367,False
18446,179,0.936276,False
18566,150,0.780547,False
18690,520,2.691587,False
18814,160,0.823829,False
18938,167,0.855382,False
19062,307,1.564311,False
19188,362,1.834900,False
19316,178,0.897474,False
19442,164,0.822610,False
19572,408,2.035644,False
19700,213,1.057215,False
19830,430,2.123113,False
19962,329,1.615851,False
20014,174,0.852811,False
20094,356,1.739286,False
20226,337,1.637877,False
20360,220,1.063615,False
20494,180,0.865684,False
20630,227,1.085972,False
20766,359,1.708473,False
20902,221,1.046263,False
21042,440,2.071977,False
21180,481,2.253246,False
21320,248,1.155655,False
21460,255,1.182074,False
21602,221,1.019076,False
21746,182,0.834792,False
21888,391,1.784115,False
22034,184,0.835130,False
22178,191,0.862395,False
22326,370,1.661741,False
22472,189,0.844418,False
22622,175,0.777716,False
22770,580,2.564152,False
22922,180,0.791543,False
23072,237,1.036769,False
23226,452,1.966789,False
23378,190,0.822438,False
23532,390,1.679305,False
23688,476,2.038790,False
23844,386,1.644629,False
24002,215,0.911213,False
24160,260,1.096150,False
24320,286,1.199400,False
24482,199,0.830115,False
24642,412,1.709674,False
24806,204,0.842044,False
24970,288,1.182499,False
25134,416,1.699105,False
25300,314,1.275738,False
25468,206,0.832514,False
25636,251,1.009033,False
25806,505,2.019380,False
25976,213,0.847259,False
26148,411,1.626207,False
26320,326,1.283110,False
26494,227,0.888736,False
26668,211,0.821759,False
26844,417,1.615480,False
27022,230,0.886310,False
27200,297,1.138470,False
27380,292,1.113383,False
27562,228,0.864733,False
27744,457,1.724107,False
27926,207,0.776844,False
28112,260,0.970547,False
28296,445,1.652430,False
28484,224,0.827363,False
28672,276,1.014044,False
28862,222,0.811318,False
29052,452,1.643167,False
29244,439,1.587463,False
29436,499,1.794941,False
29632,224,0.801448,False
29828,223,0.793643,False
30024,470,1.663894,False
30222,496,1.746661,False
30422,293,1.026325,False
30622,239,0.832762,False
30826,225,0.779794,False
31028,226,0.779144,False
31234,310,1.063048,False
31440,638,2.176249,False
31648,265,0.899131,False
31856,258,0.870764,False
32068,254,0.852687,False
32280,638,2.130425,False
32492,240,0.797189,False
32706,521,1.721415,False
32768,244,0.804958,True
32922,519,1.705714,False
33140,329,1.075522,False
33360,669,2.175344,False
33580,352,1.138513,False
33802,271,0.871870,False
34024,277,0.886471,False
34250,331,1.053631,False
34476,597,1.890277,False
34704,515,1.621972,False
34932,555,1.738718,False
35164,275,0.856926,False
35396,260,0.805886,False
35630,415,1.279479,False
35864,255,0.782032,False
36102,600,1.830251,False
36340,375,1.137839,False
36580,394,1.189135,False
36822,614,1.843252,False
37066,291,0.868933,False
37310,482,1.431635,False
37556,294,0.868602,False
37804,316,0.928634,False
38054,286,0.835996,False
38306,296,0.860610,False
38558,307,0.887861,False
38814,563,1.619516,False
39070,388,1.110181,False
39328,281,0.799743,False
39588,558,1.579638,False
39850,378,1.064367,False
40112,293,0.820651,False
40378,301,0.838549,False
40644,576,1.596137,False
40912,300,0.826899,False
41182,305,0.836204,False
41454,736,2.007100,False
41728,298,0.808322,False
42004,306,0.825590,False
42282,635,1.704080,False
42560,516,1.377381,False
42842,305,0.809793,False
43124,309,0.816052,False
43410,814,2.138211,False
43696,313,0.817810,False
43986,622,1.616455,False
44276,311,0.803921,False
44568,630,1.619840,False
44862,637,1.629104,False
45158,314,0.798760,False
45458,391,0.989291,False
45758,320,0.805329,False
46060,526,1.316692,False
46364,334,0.831611,False
46670,462,1.144169,False
46978,326,0.803046,False
47288,335,0.820809,False
47602,329,0.801776,False
47916,751,1.820420,False
48232,338,0.814936,False
48550,452,1.083977,False
48872,337,0.803846,False
49194,680,1.613347,False
49520,463,1.092603,False
49846,354,0.830925,False
50176,429,1.001567,False
50506,353,0.819741,False
50840,478,1.104067,False
51176,355,0.815573,False
51514,378,0.863763,False
51854,407,0.925053,False
52198,354,0.800263,False
52542,871,1.958485,False
52890,1030,2.303561,False
53238,765,1.701764,False
53590,511,1.130635,False
53944,398,0.875892,False
54300,998,2.184567,False
54660,1013,2.205468,False
55020,1213,2.626780,False
55384,484,1.042483,False
55750,489,1.047600,False
56118,775,1.651406,False
56488,424,0.898640,False
56862,843,1.777073,False
57236,396,0.830321,False
57616,422,0.880063,False
57996,794,1.646977,False
58378,418,0.862406,False
58764,802,1.645771,False
59152,399,0.814386,False
59544,791,1.605784,False
59936,416,0.839987,False
60332,405,0.813381,False
60730,544,1.086678,False
61132,457,0.907973,False
61536,818,1.616473,False
61942,415,0.815690,False
62352,812,1.587403,False
62764,478,0.929430,False
63178,431,0.833542,False
63596,468,0.900223,False
64016,418,0.799722,False
64438,490,0.932439,False
64864,432,0.817642,False
65292,861,1.620846,False
65536,435,0.816395,True
65724,862,1.613981,False
66158,432,0.804511,False
66594,969,1.794870,False
67034,493,0.908262,False
67478,422,0.773259,False
67922,435,0.792804,False
68372,432,0.783083,False
68824,540,0.973577,False
69278,494,0.885851,False
69736,468,0.834701,False
70196,571,1.012926,False
70660,608,1.072746,False
71126,529,0.928336,False
71596,557,0.972202,False
72070,621,1.078052,False
72546,943,1.628215,False
73024,574,0.985756,False
73506,935,1.597063,False
73992,933,1.585042,False
74482,476,0.804286,False
74972,488,0.820131,False
75468,1032,1.725002,False
75966,1071,1.780539,False
76468,588,0.972272,False
76974,973,1.600178,False
77482,536,0.876741,False
77994,1185,1.927846,False
78508,517,0.836562,False
79028,523,0.841687,False
79550,719,1.150869,False
80076,995,1.584035,False
80604,1002,1.586575,False
81136,586,0.922867,False
81672,1056,1.654062,False
82212,1237,1.927088,False
82754,659,1.021098,False
83302,524,0.807520,False
83852,517,0.792426,False
84406,645,0.983269,False
84964,586,0.888491,False
85524,1031,1.554761,False
86090,720,1.079884,False
86658,1303,1.943729,False
87230,872,1.293758,False
87806,552,0.814553,False
88386,1087,1.595339,False
88970,932,1.360446,False
89558,669,0.971254,False
90150,1491,2.152904,False
90744,1171,1.681712,False
91344,1257,1.795432,False
91948,543,0.771387,False
92554,767,1.083713,False
93166,585,0.822078,False
93782,619,0.865139,False
94402,786,1.092586,False
95024,575,0.794962,False
95652,1177,1.618428,False
96284,585,0.800040,False
96920,788,1.071817,False
97560,1594,2.156365,False
98204,599,0.805936,False
98854,772,1.033057,False
99506,660,0.878400,False
100164,1321,1.748583,False
100826,682,0.897850,False
101492,620,0.811798,False
102162,1223,1.592651,False
102836,647,0.837988,False
103516,733,0.944215,False
104200,839,1.074890,False
104888,733,0.933991,False
105580,836,1.059456,False
106278,1286,1.620879,False
106980,1709,2.142330,False
107686,666,0.830338,False
108398,650,0.805983,False
109114,668,0.823802,False
109834,650,0.797253,False
110560,891,1.086906,False
111290,913,1.107692,False
112026,1320,1.592766,False
112766,657,0.788453,False
113510,894,1.067046,False
114260,918,1.089731,False
115014,1391,1.642244,False
115774,706,0.828983,False
116540,915,1.068536,False
117310,936,1.087112,False
118084,731,0.844401,False
118864,830,0.953542,False
119650,941,1.075174,False
120440,927,1.053415,False
121234,724,0.818262,False
122036,717,0.805932,False
122842,780,0.871973,False
123654,1472,1.636603,False
124470,1927,2.130825,False
125292,1485,1.633131,False
126120,1923,2.103297,False
126952,885,0.962709,False
127792,913,0.987747,False
128636,735,0.790842,False
129486,1774,1.898374,False
130340,1242,1.321843,False
131072,749,0.793452,True
131202,1570,1.661809,False
132068,752,0.791638,False
132940,1135,1.188315,False
133818,1534,1.597300,False
134702,777,0.804650,False
135592,824,0.848667,False
136488,1758,1.800747,False
137390,1154,1.175608,False
138296,797,0.807501,False
139210,1065,1.073141,False
140130,2136,2.140576,False
141056,874,0.871090,False
141986,887,0.879230,False
142924,825,0.813308,False
143868,1714,1.680485,False
144820,1209,1.178876,False
145776,1655,1.604956,False
146738,828,0.798581,False
147708,1844,1.768761,False
148684,861,0.821357,False
149666,925,0.877589,False
150654,2168,2.045648,False
151650,2278,2.137684,False
152652,1741,1.624829,False
153660,2493,2.313938,False
154674,1850,1.707745,False
155696,893,0.819825,False
156724,890,0.812605,False
157760,1320,1.198617,False
158802,2233,2.016572,False
159850,1253,1.125373,False
160906,913,0.815518,False
161970,2364,2.100030,False
163040,1203,1.062822,False
164116,910,0.799568,False
165200,1481,1.294155,False
166292,1077,0.935970,False
167390,1300,1.123587,False
168496,905,0.777906,False
169608,1919,1.640482,False
170728,918,0.780468,False
171856,1000,0.845527,False
172992,2045,1.719626,False
174134,960,0.802838,False
175284,1922,1.598546,False
176442,2299,1.901624,False
177608,954,0.784778,False
178780,1556,1.272988,False
179962,1052,0.855937,False
181150,1305,1.055969,False
182346,1975,1.589358,False
183552,1998,1.599042,False
184764,2037,1.621319,False
185984,988,0.782073,False
187212,2038,1.604382,False
188450,1342,1.050667,False
189694,1015,0.790299,False
190946,1321,1.022919,False
192208,1025,0.789354,False
193478,1036,0.793446,False
194756,1069,0.814228,False
196042,1494,1.131696,False
197338,1082,0.815107,False
198640,1541,1.154522,False
199952,1080,0.804698,False
200006,1071,0.797812,False
201274,1087,0.805463,False
202602,2124,1.565244,False
203942,1084,0.794442,False
205288,1124,0.819237,False
206644,1166,0.845182,False
208010,1711,1.233410,False
209384,1316,0.943455,False
210766,1199,0.854857,False
212158,1223,0.867178,False
213560,1587,1.119089,False
214970,1910,1.339457,False
216390,3041,2.120890,False
217820,1520,1.054266,False
219258,2497,1.722394,False
220706,1150,0.788892,False
222164,1125,0.767499,False
223632,2341,1.588293,False
225108,2623,1.769842,False
226596,2434,1.633276,False
228092,1196,0.798134,False
229600,1972,1.308740,False
231116,1281,0.845474,False
232642,1224,0.803410,False
234178,1503,0.981114,False
235726,1237,0.803029,False
237282,2455,1.584958,False
238850,1743,1.119091,False
240428,1215,0.775794,False
242016,2503,1.589400,False
243614,1471,0.928940,False
245224,1610,1.011117,False
246844,1437,0.897498,False
248474,1286,0.798766,False
250116,2716,1.677676,False
251768,1419,0.871689,False
253430,1698,1.037335,False
255104,1282,0.778878,False
256790,1730,1.045264,False
258486,2679,1.609729,False
260192,1355,0.809694,False
261912,3166,1.881438,False
262144,1314,0.780282,True
263642,1397,0.825609,False
265382,1477,0.868079,False
267136,1344,0.785552,False
268900,1827,1.061973,False
270676,1651,0.954377,False
272464,1376,0.791023,False
274264,1402,0.801523,False
276076,1393,0.791983,False
277898,1410,0.797229,False
279734,1954,1.098714,False
281582,1681,0.939992,False
283442,1465,0.814686,False
285314,1414,0.781985,False
287198,1505,0.827718,False
289096,1479,0.808925,False
291006,3132,1.703558,False
292928,1533,0.829226,False
294862,1485,0.798828,False
296810,2014,1.077409,False
298770,4097,2.179626,False
300744,2936,1.553337,False
302730,3952,2.079320,False
304730,2107,1.102458,False
306744,3035,1.579241,False
308770,2719,1.406995,False
310808,1525,0.784780,False
312862,1743,0.892005,False
314928,3076,1.565486,False
317008,1562,0.790563,False
319102,1968,0.990541,False
321210,4337,2.170844,False
323332,1595,0.793946,False
325468,1905,0.943011,False
327618,3229,1.589574,False
329782,1615,0.790635,False
331960,2188,1.065226,False
334152,4540,2.198071,False
336360,4381,2.109349,False
338582,1767,0.846061,False
340818,3319,1.580384,False
343068,3849,1.822611,False
345334,1867,0.879184,False
347616,3612,1.691497,False
349912,1677,0.780990,False
352224,3379,1.564907,False
354550,2761,1.271615,False
356892,3449,1.579686,False
359248,1753,0.798452,False
361622,1717,0.777721,False
364010,2387,1.075212,False
366414,3508,1.571407,False
368836,2012,0.896277,False
371272,1974,0.874478,False
373724,1939,0.854213,False
376192,1776,0.778069,False
378678,3596,1.566679,False
381178,2290,0.992163,False
383696,1819,0.783729,False
386230,2690,1.152580,False
388782,3728,1.588470,False
391350,4941,2.093645,False
393934,1894,0.798094,False
396536,2291,0.960027,False
399156,4150,1.729379,False
401792,1964,0.813894,False
404446,2287,0.942489,False
407118,3771,1.545432,False
409806,3867,1.575985,False
412514,1944,0.787873,False
415238,1918,0.773023,False
417982,1966,0.787968,False
420742,2454,0.978100,False
423522,4756,1.885089,False
426318,4088,1.611329,False
429134,2235,0.876058,False
431970,7584,2.956200,False
434822,2008,0.778362,False
437694,4037,1.556173,False
440586,4214,1.615377,False
443496,4365,1.663966,False
446426,2188,0.829445,False
449374,2170,0.818052,False
452342,2392,0.896732,False
455330,2776,1.034905,False
458338,2143,0.794479,False
461366,2114,0.779371,False
464412,4664,1.709929,False
467480,3285,1.197660,False
470568,5154,1.868621,False
473676,5241,1.889599,False
476804,2220,0.795953,False
479954,2183,0.778333,False
483124,2204,0.781450,False
486316,2214,0.780629,False
489528,4887,1.713510,False
492762,4778,1.665971,False
496016,2335,0.809628,False
499292,2254,0.777194,False
502590,6741,2.311408,False
505910,3054,1.041351,False
509252,2451,0.831089,False
512616,5350,1.803988,False
516002,2525,0.846675,False
519410,3117,1.039365,False
522840,6248,2.071800,False
524288,2367,0.783045,True
526294,2384,0.786118,False
529770,6301,2.066170,False
533270,3214,1.048037,False
536792,2553,0.827858,False
540338,2501,0.806478,False
543906,5617,1.801184,False
547500,6571,2.095357,False
551116,2533,0.803222,False
554756,2482,0.782664,False
558420,6861,2.151465,False
562108,2499,0.779267,False
565822,2550,0.790737,False
569560,3497,1.078350,False
573322,2558,0.784399,False
577108,3106,0.947131,False
580920,7124,2.160252,False
584758,2688,0.810552,False
588620,3691,1.106795,False
592508,3133,0.934232,False
596422,2640,0.782833,False
600360,7059,2.081516,False
604326,5425,1.590767,False
608318,2682,0.782052,False
612336,5341,1.548708,False
616380,7252,2.091101,False
620452,3308,0.948532,False
624550,3709,1.057579,False
628676,2730,0.774083,False
632828,3414,0.962626,False
637008,5833,1.635517,False
641216,2888,0.805246,False
645452,2784,0.771913,False
649714,3128,0.862452,False
654006,5649,1.548844,False
658326,5673,1.546737,False
662674,2867,0.777319,False
667052,3099,0.835526,False
671458,2893,0.775629,False
675892,3563,0.949924,False
680358,7134,1.891350,False
684852,7339,1.934827,False
689374,3731,0.978132,False
693928,2965,0.772970,False
698512,3040,0.788093,False
703126,2999,0.773118,False
707770,4848,1.242789,False
712446,7338,1.870585,False
717150,9875,2.503242,False
721888,3286,0.828319,False
726656,3724,0.933479,False
731456,3472,0.865443,False
736288,4040,1.001392,False
741150,8469,2.087467,False
746046,7894,1.934854,False
750974,3903,0.951290,False
755934,6758,1.637934,False
760928,3986,0.960679,False
765954,7760,1.859797,False
771012,7418,1.767886,False
776106,6573,1.557733,False
781232,3333,0.785466,False
786392,3272,0.766774,False
791586,6850,1.596271,False
796816,3321,0.769566,False
802078,3370,0.776550,False
807376,3427,0.785262,False
812710,4659,1.061583,False
818078,3410,0.772639,False
823480,5873,1.323256,False
828920,5203,1.165729,False
834396,7200,1.604118,False
839906,3471,0.768987,False
845454,7037,1.550287,False
851038,3519,0.770910,False
856660,5951,1.296384,False
862318,3580,0.775508,False
868014,8760,1.886975,False
873748,3641,0.779905,False
879520,5104,1.087151,False
885328,3575,0.757206,False
891176,4827,1.016655,False
897064,4547,0.952311,False
902988,7439,1.549269,False
908952,8413,1.742293,False
914956,4644,0.956357,False
921000,10184,2.085467,False
927084,7953,1.619469,False
933208,3835,0.776540,False
939372,9457,1.904183,False
945576,8096,1.620998,False
951822,7855,1.563919,False
958108,3847,0.761635,False
964438,3927,0.773109,False
970808,3936,0.770533,False
977220,10944,2.130432,False
983674,3981,0.770618,False
990172,4075,0.784386,False
996712,4146,0.793572,False
1003296,9768,1.859162,False
1009924,4128,0.781278,False
1016594,4098,0.771245,False
1023308,4998,0.935343,False
1030068,9541,1.775507,False
1036872,8359,1.546808,False
1043720,5645,1.038724,False
1048576,4239,0.776917,True
1050614,4274,0.782031,False
1057554,8695,1.582020,False
1064540,6325,1.144342,False
1071572,4240,0.762805,False
1078650,12508,2.237629,False
1085774,4572,0.813316,False
1092946,4419,0.781680,False
1100164,4811,0.846238,False
1107432,8829,1.544260,False
1114746,9296,1.616802,False
1122110,6638,1.148019,False
1129522,4513,0.776119,False
1136982,12754,2.181025,False
1144492,4559,0.775237,False
1152052,5080,0.858972,False
1159662,11071,1.861455,False
1167322,5721,0.956507,False
1175032,4702,0.781716,False
1182794,4865,0.804264,False
1190606,4727,0.777054,False
1198470,16519,2.700219,False
1206386,5094,0.827987,False
1214354,5003,0.808620,False
1222376,4880,0.784300,False
1230450,14065,2.247765,False
1238578,5396,0.857495,False
1246758,10017,1.582872,False
1254994,5563,0.874108,False
1263284,5533,0.864499,False
1271628,9894,1.537176,False
1280026,5661,0.874566,False
1288482,10920,1.677526,False
1296992,5053,0.771868,False
1305560,6899,1.047917,False
1314184,5230,0.789931,False
1322864,5374,0.807108,False
1331602,5228,0.780757,False
1340396,5309,0.788388,False
1349250,16804,2.481337,False
1358162,5713,0.838848,False
1367134,5250,0.766520,False
1376164,5360,0.778170,False
1385254,5840,0.843078,False
1394404,6308,0.905507,False
1403614,5488,0.783356,False
1412886,10929,1.551208,False
1422218,7057,0.995989,False
1431612,15858,2.225497,False
1441068,11950,1.667596,False
1450586,5573,0.773314,False
1460168,5641,0.778335,False
1469812,5626,0.771888,False
1479522,13015,1.775585,False
1489294,5701,0.773378,False
1499132,5590,0.754042,False
1509034,5832,0.782247,False
1519000,9544,1.272916,False
1529034,12700,1.684285,False
1539134,5985,0.789256,False
1549300,7846,1.028832,False
1559534,5901,0.769420,False
1569834,14301,1.854156,False
1580204,5980,0.770943,False
1590642,12784,1.638813,False
1601148,12942,1.649701,False
1611724,6258,0.793196,False
1622370,16644,2.097700,False
1633086,16180,2.027705,False
1643872,6331,0.788931,False
1654730,10980,1.360535,False
1665660,18851,2.322639,False
1676662,6954,0.851965,False
1687738,6897,0.840208,False
1698886,7631,0.924374,False
1710108,12969,1.562111,False
1721402,6408,0.767481,False
1732774,6877,0.818997,False
1744218,15769,1.867354,False
1755740,10439,1.229192,False
1767336,13214,1.547155,False
1779010,8958,1.042915,False
1790762,6765,0.783147,False
1802590,8917,1.026437,False
1814496,13800,1.579540,False
1826482,8178,0.930756,False
1838546,6936,0.784938,False
1850690,9053,1.018722,False
1862914,7123,0.797009,False
1875218,6849,0.762017,False
1887606,16993,1.879939,False
1900074,15591,1.715079,False
1912624,8447,0.923951,False
1925256,14317,1.557166,False
1937974,7065,0.764065,False
1950774,17192,1.848761,False
1963660,9805,1.048425,False
1976630,9622,1.023035,False
1989686,7348,0.776836,False
2000006,7336,0.772116,False
2002828,7880,0.828365,False
2016058,8192,0.856288,False
2029374,14810,1.539288,False
2042778,14932,1.543183,False
2056272,14946,1.535884,False
2069854,7956,0.812947,False
2083526,7637,0.775933,False
2097152,7471,0.754811,True
2097288,15240,1.539644,False
2111142,17492,1.757147,False
2125086,15389,1.537137,False
2139122,7742,0.768933,False
2153252,7995,0.789563,False
2167474,8238,0.808953,False
2181792,15787,1.541465,False
2196202,7855,0.762628,False
2210710,10656,1.028710,False
2225312,8084,0.775992,False
2240010,21329,2.035793,False
2254806,17056,1.618721,False
2269700,10756,1.015026,False
2284692,16420,1.540746,False
2299782,16374,1.527721,False
2314972,9220,0.855365,False
2330264,8467,0.781053,False
2345656,8321,0.763234,False
2361150,25269,2.304626,False
2376746,8458,0.767027,False
2392444,9103,0.820839,False
2408248,8568,0.768215,False
2424154,9125,0.813516,False
2440166,8559,0.758728,False
2456284,8611,0.759007,False
2472508,9258,0.811407,False
2488840,12010,1.046632,False
2505280,11832,1.025269,False
2521828,9084,0.782683,False
2538484,9717,0.832472,False
2555252,10802,0.920174,False
2572130,13630,1.154490,False
2589120,26013,2.190850,False
2606222,9703,0.812562,False
2623436,9204,0.766399,False
2640764,11453,0.948255,False
2658208,11153,0.918174,False
2675766,20644,1.689874,False
2693440,13273,1.080330,False
2711230,12643,1.023210,False
2729138,9526,0.766570,False
2747166,21398,1.712147,False
2765310,25616,2.038007,False
2783576,10268,0.812281,False
2801962,9813,0.771878,False
2820470,14184,1.109357,False
2839100,15380,1.196065,False
2857852,9889,0.764674,False
2876730,26556,2.041794,False
2895732,23996,1.834481,False
2914858,9998,0.759999,False
2934112,10141,0.766488,False
2953492,10176,0.764762,False
2973000,27275,2.038162,False
2992638,22883,1.700243,False
3012406,10336,0.763616,False
3032302,13618,1.000368,False
3052332,20838,1.522041,False
3072494,10655,0.773833,False
3092788,10825,0.781709,False
3113216,10646,0.764412,False
3133780,16668,1.190002,False
3154480,17786,1.262599,False
3175316,10906,0.769796,False
3196288,10941,0.767874,False
3217402,11081,0.773275,False
3238652,11091,0.769570,False
3260046,22139,1.527417,False
3281578,11950,0.819766,False
3303254,11514,0.785362,False
3325072,11437,0.775671,False
3347036,15059,1.015507,False
3369144,22633,1.517575,False
3391398,24469,1.631344,False
3413798,12357,0.819150,False
3436348,11664,0.768810,False
3459046,11650,0.763515,False
3481894,12891,0.840038,False
3504892,12564,0.814068,False
3528042,28510,1.836751,False
3551346,23844,1.527398,False
3574804,11962,0.761898,False
3598416,24296,1.538677,False
3622184,12067,0.759856,False
3646110,35447,2.219377,False
3670194,27172,1.691579,False
3694436,12971,0.802903,False
3718838,12506,0.769710,False
3743402,13577,0.830866,False
3768128,16366,0.995838,False
3793018,13008,0.787000,False
3818072,12622,0.759295,False
3843290,19003,1.136640,False
3868676,15909,0.946153,False
3894230,17282,1.021951,False
3919952,13003,0.764535,False
3945844,16603,0.970639,False
3971908,13143,0.763982,False
3998144,13121,0.758355,False
4024552,16024,0.920859,False
4051136,13348,0.762703,False
4077894,28429,1.615166,False
4104830,17908,1.011624,False
4131942,26987,1.515804,False
4159236,27438,1.532346,False
4186708,13713,0.761470,False
4194304,13705,0.759828,True
4214362,13824,0.763255,False
4242198,28819,1.582088,False
4270220,18751,1.023509,False
4298426,15865,0.861038,False
4326818,14121,0.762014,False
4355398,14306,0.767593,False
4384166,14285,0.762092,False
4413124,14530,0.770740,False
4442274,28887,1.523558,False
4471616,14700,0.770882,False
4501152,29260,1.525665,False
4530884,14682,0.761174,False
4560812,14747,0.760180,False
4590936,35732,1.831403,False
4621260,47752,2.433502,False
4651786,14962,0.758129,False
4682512,16139,0.813098,False
4713440,20489,1.026362,False
4744574,16009,0.797364,False
4775912,16447,0.814502,False
4807458,31179,1.535253,False
4839214,15810,0.774037,False
4871178,34201,1.664873,False
4903352,15818,0.765607,False
4935740,20975,1.009412,False
4968342,31978,1.530134,False
5001160,21312,1.013944,False
5034194,18697,0.884450,False
5067446,17607,0.828129,False
5100916,16321,0.763257,False
5134610,24023,1.117022,False
5168524,16351,0.755944,False
5202664,16540,0.760312,False
5237028,33212,1.517965,False
5271620,23679,1.076070,False
5306442,33953,1.534141,False
5341492,18693,0.839801,False
5376774,38556,1.722261,False
5412288,41100,1.825403,False
5448038,17684,0.780921,False
5484024,46883,2.058501,False
5520246,35080,1.531457,False
5556708,36636,1.590239,False
5593412,19546,0.843570,False
5630358,35379,1.518160,False
5667548,18844,0.803995,False
5704984,17939,0.761004,False
5742666,36136,1.524184,False
5780598,38281,1.605420,False
5818780,27021,1.126717,False
5857214,21506,0.891622,False
5895902,19103,0.787464,False
5934846,37271,1.527593,False
5974048,18610,0.758386,False
6013508,18724,0.758665,False
6053228,19500,0.785584,False
6093212,19073,0.763984,False
6133458,38230,1.522566,False
6173972,22880,0.906013,False
6214752,38719,1.524436,False
6255802,23751,0.929765,False
6297122,21270,0.827875,False
6338716,20268,0.784358,False
6380586,39799,1.531375,False
6422730,52754,2.018229,False
6465154,20051,0.762705,False
6507858,48609,1.838411,False
6550844,20137,0.757227,False
6594114,40701,1.521743,False
6637670,29649,1.102177,False
6681514,25187,0.930941,False
6725646,42156,1.549209,False
6770070,55164,2.015630,False
6814788,41782,1.517919,False
6859802,20960,0.757103,False
6905112,43310,1.555449,False
6950722,23142,0.826366,False
6996634,21556,0.765320,False
7042848,43039,1.519290,False
7089368,26121,0.916794,False
7136194,24307,0.848236,False
7183332,47524,1.648927,False
7230778,21930,0.756537,False
7278540,58958,2.022259,False
7326616,24655,0.840818,False
7375010,29609,1.003975,False
7423724,29920,1.008703,False
7472760,60295,2.021088,False
7522118,22737,0.757773,False
7571804,24614,0.815624,False
7621818,47024,1.549277,False
7672162,24981,0.818316,False
7722838,23232,0.756657,False
7773850,39785,1.288348,False
7825198,24927,0.802574,False
7876884,47247,1.512482,False
7928914,29683,0.944767,False
7981286,23885,0.755863,False
8034004,26960,0.848278,False
8087070,70067,2.191957,False
8140488,48680,1.514152,False
8194258,24902,0.770111,False
8248382,24645,0.757788,False
8302864,24830,0.759094,False
8357708,25819,0.784798,False
8388608,24928,0.755273,True
8412912,51567,1.558439,False
8468482,29966,0.900422,False
8524418,30483,0.910697,False
8580724,26415,0.784632,False
8637400,36086,1.065745,False
8694454,25876,0.759819,False
8751882,51759,1.511116,False
8809690,36479,1.058896,False
8867880,93752,2.705760,False
8926454,26539,0.761538,False
8985416,29473,0.840871,False
9044766,53316,1.512378,False
9104510,35828,1.010469,False
9164648,27679,0.776155,False
9225182,27162,0.757281,False
9286116,65980,1.828964,False
9347454,58783,1.620100,False
9409196,28095,0.769868,False
9471346,30250,0.824156,False
9533906,29695,0.804385,False
9596880,74702,2.011914,False
9660270,75412,2.019361,False
9724078,39216,1.044079,False
9788308,28514,0.754787,False
9852962,36568,0.962417,False
9918042,57771,1.511708,False
9983554,34873,0.907283,False
10049498,29477,0.762487,False
10115876,29321,0.754090,False
10182694,32726,0.836821,False
10249954,35928,0.913415,False
10317658,32452,0.820297,False
10385808,60153,1.511757,False
10454408,32211,0.804866,False
10523462,31488,0.782274,False
10592972,37130,0.917135,False
10662942,61496,1.510252,False
10733372,33686,0.822520,False
10804268,31134,0.755833,False
10875634,41781,1.008471,False
10947470,41801,1.003148,False
11019780,84381,2.013337,False
11092568,34062,0.808045,False
11165838,68458,1.614666,False
11239590,85722,2.010221,False
11313830,48347,1.127234,False
11388562,34415,0.797784,False
11463786,65247,1.503802,False
11539506,75829,1.737633,False
11615728,33184,0.756038,False
11692452,68993,1.562832,False
11769684,67328,1.516335,False
11847426,67390,1.508991,False
11925680,49310,1.097787,False
12004452,68156,1.508617,False
12083744,34276,0.754322,False
12163560,92060,2.014322,False
12243904,36799,0.800544,False
12324778,34656,0.749581,False
12406186,38523,0.828421,False
12488132,38021,0.812916,False
12570618,71731,1.524824,False
12653650,48101,1.016617,False
12737230,53128,1.116393,False
12821364,74747,1.561628,False
12906052,36319,0.754411,False
12991298,39121,0.807931,False
13077110,51226,1.051827,False
13163486,44185,0.902025,False
13250434,37181,0.754665,False
13337958,75944,1.532555,False
13426058,37517,0.752731,False
13514740,50534,1.008056,False
13604008,42161,0.836182,False
13693866,78485,1.547625,False
13784316,100554,1.971365,False
13875366,82331,1.604796,False
13967016,93115,1.804531,False
14059270,52012,1.002159,False
14152136,39289,0.752649,False
14245614,82389,1.569201,False
14339710,70826,1.341189,False
14434426,40104,0.755045,False
14529770,53636,1.003989,False
14625742,41288,0.768394,False
14722348,41591,0.769568,False
14819594,41114,0.756353,False
14917480,55423,1.013706,False
15016014,90300,1.642088,False
15115198,50326,0.909888,False
15215038,42577,0.765345,False
15315536,41886,0.748579,False
15416700,126772,2.252571,False
15518530,56826,1.003895,False
15621034,52360,0.919660,False
15724214,48575,0.848255,False
15828076,48297,0.838532,False
15932624,44605,0.769961,False
16037864,44533,0.764280,False
16143798,98235,1.676186,False
16250430,141909,2.407416,False
16357768,53254,0.898212,False
16465816,44886,0.752701,False
16574576,45262,0.754623,False
16684056,90639,1.502436,False
16777216,45746,0.754582,True
16794258,100358,1.653932,False
16905188,45789,0.750259,False
17016850,61658,1.004440,False
17129250,130328,2.110845,False
17242394,51467,0.828765,False
17356284,107135,1.715213,False
17470926,104992,1.671193,False
17586326,47618,0.753573,False
17702488,50915,0.801094,False
17819416,51754,0.809590,False
17937118,48484,0.754054,False
18055596,106058,1.639951,False
18174858,107324,1.649936,False
18294908,49077,0.750121,False
18415750,69975,1.063356,False
18537390,134683,2.034844,False
18659834,49902,0.749581,False
18783086,63118,0.942620,False
18907152,112663,1.672810,False
19032040,72177,1.065482,False
19157750,68207,1.001056,False
19284292,51833,0.756341,False
19411670,69341,1.005965,False
19539888,106691,1.538870,False
19668954,105715,1.515976,False
19798872,105701,1.507009,False
19929648,105836,1.500208,False
20000038,53269,0.752737,False
20061288,116179,1.637293,False
20193798,107343,1.504019,False
20327182,53715,0.748266,False
20461448,65384,0.905550,False
20596600,72803,1.002469,False
20732646,124388,1.702865,False
20869590,176694,2.404937,False
21007438,55789,0.754937,False
21146198,59611,0.801989,False
21285874,56770,0.759347,False
21426472,57070,0.758943,False
21567998,57072,0.754578,False
21710460,152946,2.010473,False
21853862,57385,0.749960,False
21998212,61116,0.794097,False
22143516,116146,1.500382,False
22289780,77659,0.997397,False
22437008,69557,0.888170,False
22585210,78617,0.998045,False
22734392,59178,0.746917,False
22884558,119454,1.498964,False
23035714,74482,0.929223,False
23187872,60475,0.750106,False
23341032,147665,1.820968,False
23495206,75019,0.919758,False
23650398,123180,1.501483,False
23806614,141942,1.720159,False
23963862,135563,1.633339,False
24122148,125705,1.505792,False
24281482,62996,0.750244,False
24441866,67947,0.804520,False
24603310,90210,1.061936,False
24765822,128141,1.499714,False
24929406,136783,1.591582,False
25094070,173085,2.002317,False
25259822,78028,0.897429,False
25426670,88121,1.007640,False
25594618,79197,0.900349,False
25763678,66364,0.750085,False
25933852,80455,0.904080,False
26105152,67317,0.752063,False
26277582,134631,1.495376,False
26451152,91411,1.009437,False
26625868,68444,0.751435,False
26801738,68727,0.750168,False
26978770,126318,1.370792,False
27156970,92676,0.999882,False
27336350,94090,1.009252,False
27516912,142497,1.519625,False
27698668,70442,0.746856,False
27881624,70971,0.748102,False
28065788,73892,0.774375,False
28251170,95672,0.996812,False
28437776,72263,0.748546,False
28625614,72973,0.751516,False
28814692,74264,0.760376,False
29005020,231656,2.358128,False
29196606,153066,1.549088,False
29389456,77489,0.779670,False
29583580,109038,1.090742,False
29778988,75197,0.747855,False
29975684,75594,0.747442,False
30173680,101461,0.997384,False
30372986,91916,0.898312,False
30573606,186414,1.811286,False
30775552,77919,0.752704,False
30978832,77572,0.745004,False
31183454,78494,0.749484,False
31389428,94451,0.896612,False
31596762,158502,1.495907,False
31805466,217810,2.043712,False
32015550,256582,2.393535,False
32227020,257574,2.388841,False
32439886,83489,0.769814,False
32654160,318353,2.918348,False
32869848,192921,1.758243,False
33086962,82527,0.747768,False
33305508,166167,1.496878,False
33525500,118097,1.057673,False
33554432,83467,0.746957,True
33746944,113237,1.008258,False
33969850,119868,1.061102,False
34194228,169622,1.492817,False
34420090,115510,1.010682,False
34647442,86966,0.756510,False
34876296,226691,1.960512,False
35106664,87148,0.749312,False
35338550,127057,1.086110,False
35571970,140854,1.197055,False
35806932,214058,1.808614,False
36043444,88978,0.747423,False
36281520,265275,2.215387,False
36521168,95922,0.796418,False
36762400,120792,0.997080,False
37005224,91512,0.750998,False
37249652,114786,0.936523,False
37495694,92424,0.749693,False
37743362,94609,0.762956,False
37992666,197106,1.580285,False
38243616,188968,1.506233,False
38496226,95611,0.757670,False
38750502,227580,1.792976,False
39006458,96846,0.758560,False
39264104,113558,0.884289,False
39523454,96275,0.745346,False
39784516,97168,0.747885,False
40047302,97447,0.745672,False
40311824,123267,0.937764,False
40578092,98423,0.744407,False
40846120,159020,1.195730,False
41115918,199734,1.493139,False
41387498,100008,0.743276,False
41660874,202117,1.493430,False
41936052,203830,1.497327,False
42213050,164428,1.200856,False
42491878,125068,0.908088,False
42772546,103678,0.748401,False
43055070,277738,1.993193,False
43339458,209464,1.494478,False
43625726,105158,0.745914,False
43913884,126710,0.893558,False
44203946,111323,0.780481,False
44495922,213987,1.491525,False
44789828,107564,0.745377,False
45085676,111845,0.770532,False
45383478,261521,1.791207,False
45683246,133291,0.907622,False
45984996,223546,1.513339,False
46288736,121094,0.814999,False
46594484,124125,0.830536,False
46902252,240625,1.600679,False
47212052,112710,0.745402,False
47523900,304526,2.002243,False
47837806,114073,0.745658,False
48153786,235820,1.532503,False
48471854,116787,0.754535,False
48792022,116067,0.745517,False
49114304,117026,0.747300,False
49438716,235021,1.492048,False
49765270,157955,0.996949,False
50093982,237264,1.488795,False
50424864,286847,1.789438,False
50757932,126368,0.783730,False
51093200,160826,0.991628,False
51430684,121301,0.743567,False
51770394,276915,1.687582,False
52112350,166954,1.011528,False
52456566,248053,1.494129,False
52803054,271902,1.628240,False
53151830,170621,1.015783,False
53502910,179247,1.060920,False
53856310,170628,1.004021,False
54212044,128001,0.748804,False
54570126,279123,1.623350,False
54930574,132742,0.767515,False
55293404,129536,0.744613,False
55658630,173838,0.993450,False
56026268,131220,0.745526,False
56396336,131793,0.744417,False
56768846,146339,0.821761,False
57143818,136841,0.763946,False
57521266,149988,0.832461,False
57901208,142641,0.787068,False
58283660,181219,0.994105,False
58668636,297885,1.624568,False
59056156,137349,0.744689,False
59446236,284077,1.531250,False
59838894,280203,1.501561,False
60000002,138623,0.741085,False
60234144,281880,1.501739,False
60632004,281805,1.492585,False
61032492,282633,1.488240,False
61435626,364151,1.906300,False
61841424,286436,1.490723,False
62249900,193349,1.000394,False
62661076,144885,0.745267,False
63074968,162128,0.829098,False
63491592,306580,1.558657,False
63910970,197926,1.000388,False
64333116,317107,1.593421,False
64758052,149948,0.749073,False
65185794,312938,1.554177,False
65616362,192813,0.952000,False
66049774,182092,0.893820,False
66486048,324860,1.585309,False
66925204,153539,0.744894,False
67108864,153850,0.744587,True
67367260,219285,1.057652,False
67812236,157703,0.756192,False
68260152,316019,1.506479,False
68711028,330949,1.568443,False
69164880,425824,2.006298,False
69621730,216620,1.014662,False
70081598,169782,0.790627,False
70544504,160967,0.745202,False
71010466,165976,0.763906,False
71479508,162575,0.743884,False
71951646,356621,1.622242,False
72426904,182818,0.826769,False
72905302,165174,0.742615,False
73386858,366720,1.639130,False
73871596,178463,0.793019,False
74359534,171489,0.757579,False
74850696,354164,1.555437,False
75345104,170488,0.744386,False
75842776,179517,0.779230,False
76343736,440995,1.903048,False
76848004,172974,0.742083,False
77355602,184773,0.788072,False
77866554,350740,1.487197,False
78380882,176409,0.743634,False
78898606,177419,0.743522,False
79419750,507011,2.112353,False
79944336,386385,1.600385,False
80472388,179985,0.741132,False
81003926,181819,0.744309,False
81538976,186984,0.760980,False
82077560,251486,1.017507,False
82619702,209907,0.844316,False
83165424,395115,1.579997,False
83714752,207382,0.824438,False
84267708,480864,1.900481,False
84824316,380686,1.495761,False
85384600,308869,1.206490,False
85948586,191314,0.742933,False
86516296,195631,0.755257,False
87087758,193559,0.742889,False
87662992,194392,0.741724,False
88242028,235125,0.891900,False
88824886,208571,0.786547,False
89411596,198247,0.743243,False
90002180,271404,1.011564,False
90596666,199976,0.740983,False
91195078,220797,0.813348,False
91797444,416897,1.526738,False
92403788,213479,0.777219,False
93014136,440682,1.595020,False
93628516,210388,0.757032,False
94246956,415241,1.485408,False
94869478,231643,0.823791,False
95496114,504598,1.784002,False
96126888,528063,1.856041,False
96761830,314162,1.097760,False
97400964,427467,1.484937,False
98044320,659869,2.278845,False
98691926,215969,0.741481,False
99343810,290171,0.990408,False
100000000,291400,0.988783,False
